role,resume_text
Full Stack Developer,"Full stack developer with 3 years of experience building web applications using JavaScript TypeScript React Node.js Express SQL HTML CSS Git and REST API. Built CRUD dashboards and connected frontend forms to backend services."
Full Stack Developer,"Software engineer comfortable across the stack. Used React and TypeScript on the frontend HTML CSS for layouts Node.js Express REST API on the backend SQL for persistence and Git for version control."
Full Stack Developer,"Developed end-to-end features in JavaScript React Node.js Express and SQL. Wrote HTML CSS components maintained Git workflows and documented REST API endpoints for mobile clients."
Full Stack Developer,"Built a campus portal with TypeScript React Node.js Express SQL Git REST API HTML and CSS. Implemented authentication screens and database queries for student records."
Full Stack Developer,"Internship on a product team using JavaScript TypeScript React Node.js Express SQL HTML CSS Git. Created REST API integrations and deployed small full stack modules."
Full Stack Developer,"Experience shipping production features with React TypeScript Node.js Express SQL Git REST API HTML CSS and JavaScript. Collaborated with designers and backend teammates."
Data Scientist,"Data scientist skilled in Python Pandas NumPy Scikit-learn SQL Statistics Matplotlib Jupyter Feature Engineering and EDA. Built classification models and analyzed experiment results."
Data Scientist,"Applied Python Pandas NumPy Scikit-learn and SQL to customer datasets. Performed EDA Feature Engineering Statistics and visualized trends in Matplotlib inside Jupyter notebooks."
Data Scientist,"Graduate projects using Python Scikit-learn Pandas NumPy Statistics Feature Engineering EDA SQL Matplotlib and Jupyter. Trained logistic regression and clustering models."
Data Scientist,"Worked on predictive analytics with Python Pandas NumPy Scikit-learn SQL Jupyter Matplotlib. Focused on EDA Feature Engineering and Statistics for churn prediction."
Data Scientist,"Research intern using Python Pandas NumPy Scikit-learn Statistics SQL Feature Engineering EDA Matplotlib and Jupyter to study academic performance data."
Data Scientist,"Built supervised learning pipelines in Python Scikit-learn Pandas NumPy SQL. Documented EDA Feature Engineering Statistics and plotted results with Matplotlib in Jupyter."
Machine Learning Engineer,"Machine learning engineer using Python Scikit-learn TensorFlow PyTorch MLOps Docker AWS Feature Engineering Model Deployment and SQL. Deployed scoring services for production traffic."
Machine Learning Engineer,"Designed ML systems with Python TensorFlow PyTorch Scikit-learn Feature Engineering SQL and Model Deployment. Used Docker AWS and MLOps practices for retraining jobs."
Machine Learning Engineer,"Productionized models with Python Scikit-learn TensorFlow PyTorch Docker AWS MLOps Model Deployment Feature Engineering and SQL. Monitored latency and data drift."
Machine Learning Engineer,"Built recommendation models in Python PyTorch TensorFlow Scikit-learn SQL. Applied Feature Engineering Model Deployment Docker AWS and MLOps for weekly releases."
Machine Learning Engineer,"Internship focused on Python Scikit-learn TensorFlow PyTorch Feature Engineering SQL Docker AWS. Learned MLOps and Model Deployment for a fraud detection service."
Machine Learning Engineer,"Implemented training and serving pipelines using Python TensorFlow PyTorch Scikit-learn SQL Feature Engineering Docker AWS MLOps and Model Deployment."
Frontend Developer,"Frontend developer specializing in HTML CSS JavaScript TypeScript React Redux Tailwind Webpack Accessibility and Git. Built responsive UI and component libraries."
Frontend Developer,"Created marketing and product pages with HTML CSS JavaScript TypeScript React Tailwind Webpack Git. Used Redux for state and Accessibility checks for WCAG."
Frontend Developer,"Experience in React TypeScript JavaScript HTML CSS Tailwind Redux Webpack Git and Accessibility. Converted Figma designs into reusable components."
Frontend Developer,"Internship building dashboards in HTML CSS JavaScript TypeScript React Redux Tailwind Git. Configured Webpack and improved Accessibility labels."
Frontend Developer,"Shipped SPA features using React TypeScript JavaScript HTML CSS Redux Tailwind Webpack Git. Partnered with UX on Accessibility improvements."
Frontend Developer,"Strong UI skills in HTML CSS JavaScript TypeScript React Redux Tailwind Webpack Accessibility Git. Focused on performance and reusable hooks."
Backend Developer,"Backend developer using Python Java Node.js Express SQL REST API Authentication Redis Git and Microservices. Designed services for order processing."
Backend Developer,"Built APIs with Node.js Express Python SQL REST API Authentication Redis Git. Applied Microservices patterns and Java for a billing service."
Backend Developer,"Experience in Java Python Node.js Express SQL REST API Authentication Redis Git Microservices. Wrote unit tests and database migrations."
Backend Developer,"Internship implementing REST API Authentication with Node.js Express SQL Redis Git. Also used Python Java and discussed Microservices architecture."
Backend Developer,"Developed server-side modules in Python Java Node.js Express SQL Redis Git. Exposed REST API endpoints with Authentication across Microservices."
Backend Developer,"Production backend work using Node.js Express Java Python SQL REST API Authentication Redis Git and Microservices for inventory systems."
Data Analyst,"Data analyst proficient in SQL Excel Tableau Power BI Python Pandas Data Visualization Statistics EDA and Git. Prepared weekly business reports."
Data Analyst,"Analyzed sales data with SQL Excel Tableau Power BI Python Pandas Statistics EDA Data Visualization and Git. Built stakeholder dashboards."
Data Analyst,"Internship using SQL Excel Tableau Power BI Pandas Python. Performed EDA Statistics Data Visualization and tracked spreadsheet changes in Git."
Data Analyst,"Created KPI dashboards in Tableau Power BI Excel SQL. Used Python Pandas for EDA Statistics Data Visualization and stored notebooks in Git."
Data Analyst,"Business reporting with SQL Excel Tableau Power BI Python Pandas Data Visualization Statistics EDA Git. Cleaned messy CSV extracts."
Data Analyst,"Supported operations teams using SQL Excel Tableau Power BI Pandas Python Git. Delivered EDA Statistics and Data Visualization summaries."
